--
-- PostgreSQL database dump
--

-- Dumped from database version 13.1
-- Dumped by pg_dump version 13.3

SET statement_timeout = 0;
SET lock_timeout = 0;
SET idle_in_transaction_session_timeout = 0;
SET client_encoding = 'UTF8';
SET standard_conforming_strings = on;
SELECT pg_catalog.set_config('search_path', '', false);
SET check_function_bodies = false;
SET xmloption = content;
SET client_min_messages = warning;
SET row_security = off;

--
-- Name: user_sex; Type: TYPE; Schema: public; Owner: drychan
--

CREATE TYPE public.user_sex AS ENUM (
    'MALE',
    'FEMALE'
);


ALTER TYPE public.user_sex OWNER TO drychan;

--
-- Name: user_status; Type: TYPE; Schema: public; Owner: drychan
--

CREATE TYPE public.user_status AS ENUM (
    'DRAFT',
    'PUBLISHED'
);


ALTER TYPE public.user_status OWNER TO drychan;

SET default_tablespace = '';

SET default_table_access_method = heap;

--
-- Name: flyway_schema_history; Type: TABLE; Schema: public; Owner: drychan
--

CREATE TABLE public.flyway_schema_history (
    installed_rank integer NOT NULL,
    version character varying(50),
    description character varying(200) NOT NULL,
    type character varying(20) NOT NULL,
    script character varying(1000) NOT NULL,
    checksum integer,
    installed_by character varying(100) NOT NULL,
    installed_on timestamp without time zone DEFAULT now() NOT NULL,
    execution_time integer NOT NULL,
    success boolean NOT NULL
);


ALTER TABLE public.flyway_schema_history OWNER TO drychan;

--
-- Name: last_suggested_users; Type: TABLE; Schema: public; Owner: drychan
--

CREATE TABLE public.last_suggested_users (
    user_id integer NOT NULL,
    suggested_user_id integer NOT NULL
);


ALTER TABLE public.last_suggested_users OWNER TO drychan;

--
-- Name: likes; Type: TABLE; Schema: public; Owner: drychan
--

CREATE TABLE public.likes (
    user_from integer NOT NULL,
    user_to integer NOT NULL
);


ALTER TABLE public.likes OWNER TO drychan;

--
-- Name: users; Type: TABLE; Schema: public; Owner: drychan
--

CREATE TABLE public.users (
    user_id integer NOT NULL,
    name text,
    gender public.user_sex,
    age integer,
    description text,
    photo_path text,
    voice_path text,
    status public.user_status NOT NULL
);


ALTER TABLE public.users OWNER TO drychan;

--
-- Data for Name: flyway_schema_history; Type: TABLE DATA; Schema: public; Owner: drychan
--

COPY public.flyway_schema_history (installed_rank, version, description, type, script, checksum, installed_by, installed_on, execution_time, success) FROM stdin;
1	202103281600	init databases	SQL	V202103281600__init_databases.sql	1735851538	drychan	2021-09-27 20:16:27.41279	32	t
2	202103312330	fake users	SQL	V202103312330__fake_users.sql	-264951395	drychan	2021-09-27 20:16:27.456363	3	t
\.


--
-- Data for Name: last_suggested_users; Type: TABLE DATA; Schema: public; Owner: drychan
--

COPY public.last_suggested_users (user_id, suggested_user_id) FROM stdin;
345301759	-9
237019362	399862159
399862159	-6
48224663	368666961
361065651	537647785
539948474	-7
347365924	507326747
42287823	219083665
256532612	-1
266156897	-9
326194468	-1
608438557	-7
322598672	515575303
386146903	-8
523737889	-9
449369453	539948474
537647785	386146903
328956557	347365924
515575303	489995421
506798351	202963713
249892837	347365924
137719875	-6
34381072	268239170
204600866	537647785
366293634	42287823
489995421	42287823
520863552	-9
202963713	-1
219083665	449691877
449691877	268239170
278350130	48224663
359667281	515575303
368666961	204600866
485214998	-7
352085700	-7
327074323	-8
259544258	202963713
268239170	-9
522830467	48224663
671859334	515575303
324867963	347365924
440912943	537647785
488831941	-8
408105842	399862159
507326747	537647785
300533308	42287823
324843442	324867963
\.


--
-- Data for Name: likes; Type: TABLE DATA; Schema: public; Owner: drychan
--

COPY public.likes (user_from, user_to) FROM stdin;
300533308	-9
48224663	-6
42287823	-4
42287823	-1
48224663	-8
42287823	300533308
42287823	-2
48224663	42287823
42287823	-3
42287823	-5
48224663	-7
42287823	48224663
48224663	-9
42287823	249892837
249892837	-10
34381072	-4
48224663	-10
48224663	34381072
202963713	249892837
249892837	-7
249892837	515575303
249892837	-9
249892837	34381072
249892837	42287823
249892837	-6
249892837	-8
249892837	202963713
347365924	-1
515575303	48224663
515575303	-5
515575303	249892837
515575303	300533308
515575303	-2
515575303	-3
515575303	-1
347365924	-3
515575303	-4
347365924	300533308
347365924	-5
347365924	249892837
347365924	-2
399862159	515575303
347365924	48224663
347365924	-4
399862159	-10
515575303	399862159
347365924	399862159
399862159	202963713
202963713	399862159
278350130	399862159
278350130	249892837
48224663	202963713
219083665	-7
219083665	-6
219083665	42287823
219083665	347365924
219083665	202963713
219083665	-10
219083665	34381072
219083665	515575303
219083665	-8
219083665	-9
219083665	278350130
347365924	219083665
137719875	278350130
137719875	202963713
137719875	-9
137719875	515575303
137719875	42287823
137719875	34381072
137719875	347365924
137719875	-8
137719875	-7
137719875	-10
137719875	-6
300533308	34381072
300533308	202963713
300533308	515575303
300533308	278350130
608438557	-8
608438557	-10
608438557	42287823
608438557	34381072
608438557	515575303
608438557	-6
608438557	278350130
608438557	347365924
608438557	202963713
608438557	-9
608438557	-7
259544258	515575303
259544258	347365924
249892837	278350130
249892837	347365924
322598672	237019362
322598672	-9
322598672	347365924
322598672	278350130
523737889	278350130
523737889	-10
523737889	347365924
523737889	-8
523737889	202963713
523737889	-6
515575303	539948474
515575303	520863552
515575303	523737889
515575303	259544258
515575303	137719875
515575303	608438557
449691877	489995421
449691877	-5
515575303	322598672
515575303	506798351
449691877	-2
278350130	506798351
449691877	259544258
515575303	489995421
449691877	520863552
347365924	539948474
347365924	506798351
359667281	449691877
359667281	-9
359667281	42287823
359667281	237019362
359667281	347365924
359667281	202963713
359667281	-10
359667281	34381072
359667281	278350130
359667281	-7
359667281	-6
359667281	-8
359667281	515575303
347365924	523737889
347365924	608438557
449691877	523737889
449691877	399862159
347365924	322598672
347365924	359667281
449691877	671859334
449691877	359667281
347365924	137719875
449691877	322598672
449691877	-3
449691877	300533308
347365924	520863552
449691877	-1
449691877	539948474
347365924	259544258
449691877	249892837
449691877	137719875
449691877	506798351
347365924	671859334
347365924	489995421
449691877	-4
449691877	608438557
449691877	48224663
485214998	347365924
485214998	278350130
485214998	-9
485214998	-6
485214998	237019362
386146903	278350130
386146903	237019362
386146903	515575303
386146903	-6
386146903	-9
386146903	202963713
386146903	34381072
386146903	347365924
300533308	449691877
300533308	347365924
386146903	449691877
368666961	249892837
368666961	300533308
671859334	368666961
219083665	237019362
219083665	368666961
219083665	449691877
449369453	259544258
259544258	449369453
440912943	278350130
440912943	449369453
440912943	515575303
440912943	-6
440912943	202963713
440912943	368666961
440912943	-8
440912943	-9
485214998	449691877
485214998	-10
485214998	449369453
327074323	449369453
485214998	515575303
449691877	219083665
449691877	485214998
449691877	327074323
449691877	386146903
449691877	440912943
48224663	237019362
48224663	278350130
48224663	449691877
347365924	386146903
347365924	440912943
347365924	485214998
347365924	268239170
485214998	34381072
485214998	42287823
485214998	368666961
485214998	202963713
485214998	-8
671859334	449369453
485214998	-7
328956557	202963713
328956557	368666961
328956557	-7
328956557	278350130
328956557	-10
328956557	449691877
440912943	237019362
440912943	-10
440912943	42287823
327074323	515575303
449691877	328956557
449691877	268239170
440912943	256532612
440912943	-7
440912943	449691877
204600866	237019362
440912943	34381072
204600866	-8
440912943	347365924
204600866	515575303
204600866	449691877
204600866	-6
204600866	449369453
204600866	-7
204600866	347365924
204600866	256532612
204600866	42287823
204600866	-9
327074323	256532612
204600866	-10
327074323	237019362
204600866	278350130
327074323	-7
204600866	34381072
327074323	-10
327074323	-9
204600866	368666961
327074323	42287823
204600866	202963713
327074323	347365924
327074323	-6
327074323	278350130
327074323	34381072
327074323	449691877
327074323	202963713
327074323	368666961
327074323	-8
537647785	219083665
537647785	485214998
440912943	537647785
537647785	137719875
347365924	328956557
347365924	327074323
347365924	204600866
522830467	359667281
522830467	-4
522830467	219083665
522830467	300533308
522830467	204600866
522830467	520863552
522830467	440912943
522830467	-1
522830467	489995421
522830467	506798351
522830467	-5
522830467	-2
522830467	386146903
522830467	328956557
522830467	608438557
522830467	-3
522830467	539948474
522830467	249892837
347365924	361065651
449369453	359667281
449369453	249892837
449369453	506798351
449369453	48224663
449369453	520863552
449369453	-5
326194468	-5
326194468	399862159
326194468	249892837
366293634	202963713
259544258	326194468
366293634	368666961
326194468	608438557
326194468	-2
326194468	137719875
326194468	259544258
507326747	202963713
507326747	278350130
326194468	300533308
507326747	408105842
507326747	368666961
324867963	237019362
324867963	278350130
324867963	408105842
324867963	449691877
324867963	326194468
326194468	366293634
324867963	537647785
324867963	515575303
324867963	34381072
324867963	42287823
324843442	-4
300533308	256532612
300533308	368666961
324843442	520863552
324843442	259544258
324867963	202963713
324867963	256532612
300533308	237019362
300533308	449369453
324843442	-5
324867963	324843442
324867963	449369453
300533308	408105842
300533308	537647785
300533308	522830467
300533308	326194468
300533308	324843442
324843442	366293634
324843442	48224663
324843442	328956557
347365924	366293634
347365924	324867963
347365924	507326747
204600866	408105842
204600866	326194468
204600866	522830467
34381072	48224663
204600866	324843442
204600866	537647785
488831941	368666961
488831941	326194468
\.


--
-- Data for Name: users; Type: TABLE DATA; Schema: public; Owner: drychan
--

COPY public.users (user_id, name, gender, age, description, photo_path, voice_path, status) FROM stdin;
-1	Dmitrii	MALE	99	Старый дед	photo-81585002_457239059	\N	PUBLISHED
-2	Sasha	MALE	20	Ищу богатую девушку для создания богатой семьи	photo-81585002_457239059	\N	PUBLISHED
-3	Mrk	MALE	19	Не хватает кружки пива!	photo-81585002_457239059	\N	PUBLISHED
-4	Andrey	MALE	16	Готов подарить гончарный круг при первой встрече)	photo-81585002_457239059	\N	PUBLISHED
-5	Vitya	MALE	17	Золотой галстук. Трижды. Всеросс. Дважды	photo-81585002_457239059	\N	PUBLISHED
-6	Olesya	FEMALE	18	Ищу взрослого состоявшегося мужчину	photo-81585002_457239059	\N	PUBLISHED
-7	Katya	FEMALE	19	В ДручанБоте не сижу, пиши сразу в инсту @dmitriidulaev	photo-81585002_457239059	\N	PUBLISHED
-8	Masha	FEMALE	21	Кстати вот моя инста...	photo-81585002_457239059	\N	PUBLISHED
-9	Nastya	FEMALE	22	По пиву?	photo-81585002_457239059	\N	PUBLISHED
-10	Tanya Aleksandrovna	FEMALE	49	Так вот чем тут школьники занимаются!	photo-81585002_457239059	\N	PUBLISHED
34381072	Ганна	FEMALE	20	Какая-то девочка, которая закончила школу n лет назад, но её до сих пор знает каждый третий школьник	photo-104080805_457240140_5d6183a89ee2069f42	no	PUBLISHED
347365924	Ыы	FEMALE	17	*остроумное описание*	photo-104080805_457240572_f5ea37e2e2384059cc	no	PUBLISHED
370520663	Даниил	MALE	15	\N	\N	\N	DRAFT
280221115	Мария	FEMALE	19	\N	\N	\N	DRAFT
446131345	Ку	MALE	\N	\N	\N	\N	DRAFT
353681650	Таисия	FEMALE	15	Я с бывшем	\N	\N	DRAFT
359667281	Artem	MALE	15	.	photo-104080805_457240577_f38540db7ebe1bae69	no	PUBLISHED
172818601	Ксения	FEMALE	\N	\N	\N	\N	DRAFT
324191215	Николай	MALE	18	Нет	\N	\N	DRAFT
218910806	Володя	MALE	\N	\N	\N	\N	DRAFT
399862159	Кирилл	MALE	16	Начать	photo-104080805_457240267_5e303eb4ae30c06ba0	no	PUBLISHED
300533308	Ярик	MALE	119	меня зовут ярик и я люблю сливочное пиво	photo-104080805_457240065_3039eea17c9f5e8a5d	no	PUBLISHED
449369453	Маргарита	FEMALE	15	Хочу спать	photo-104080805_457240688_252322365ef7bc8f7f	no	PUBLISHED
278350130	Китобойное судно	FEMALE	25	Забиваю китов дорого	photo-104080805_457240340_cacd47cfdb9574f0b6	no	PUBLISHED
202963713	Александр Сергеевич	FEMALE	32	люблю физику	photo-104080805_457240235_54252908522f1c47e6	no	PUBLISHED
608438557	Андрей	MALE	63	Нет	photo-104080805_457240433_bf734c7a3eaae54a72	doc608438557_613191248_e8b754302b19bb26f8	PUBLISHED
249892837	Гордей	MALE	12	люблю сливочное пиво	photo-104080805_457240076_2a468f043dff775bee	doc249892837_613102978_a9b37e87fdcf38d3a4	PUBLISHED
444412850	\N	\N	\N	\N	\N	\N	DRAFT
443049674	Александр	MALE	16	\N	photo-104080805_457240182_0968d4ab3eac3e19d9	no	DRAFT
201097606	Виктор	MALE	\N	\N	\N	\N	DRAFT
48224663	Марк	MALE	21	А да это хмм, ну привет	photo-104080805_457240083_0e586876f6154bed4e	no	PUBLISHED
311584358	Катарина	FEMALE	16	\N	\N	\N	DRAFT
440912943	Сергей	MALE	15	Паша	photo-104080805_457240918_e154645f5719470c5c	no	PUBLISHED
42287823	Галина	FEMALE	22	Программист, люблю настольные игры, лошадей и питаю слабость к админам пабликов.	photo-104080805_457240100_f19cd89fee173eb182	no	PUBLISHED
502391797	Владимир	MALE	\N	\N	\N	\N	DRAFT
559423295	Павел	MALE	16	\N	\N	\N	DRAFT
325820549	Вера	FEMALE	16	нет	\N	\N	DRAFT
167212840	Рома	MALE	\N	\N	\N	\N	DRAFT
137719875	Так а как атминет	MALE	180	Ладно	photo-104080805_457240416_0da6054cc064127c5e	no	PUBLISHED
980561	Матвей	MALE	\N	\N	\N	\N	DRAFT
47885195	👸🏼	FEMALE	\N	\N	\N	\N	DRAFT
431081729	Макс	MALE	16	\N	\N	\N	DRAFT
173120035	Даниил	MALE	16	Б	\N	\N	DRAFT
213105618	Кирилл	MALE	119	\N	\N	\N	DRAFT
302471227	Митя	MALE	\N	\N	\N	\N	DRAFT
244763473	Глеб	MALE	16	\N	\N	\N	DRAFT
489995421	Дима	MALE	15	.	photo-104080805_457240454_18910be0214301db0b	no	PUBLISHED
388051158	Екатерина	FEMALE	13	\N	\N	\N	DRAFT
259544258	Александр	MALE	15	Затерялся в мире гламура и роскошных женщин	photo-104080805_457240435_09f0a1bfc4ca263cfc	no	PUBLISHED
238424004	Лиза	FEMALE	\N	\N	\N	\N	DRAFT
350997902	Артём	MALE	\N	\N	\N	\N	DRAFT
515575303	Где	FEMALE	11	еда	photo-104080805_457240236_3f265ed404718d2346	no	PUBLISHED
468389834	Леонид	MALE	\N	\N	\N	\N	DRAFT
289777256	Михаил	MALE	16	\N	\N	\N	DRAFT
144392216	Константин	MALE	20	\N	\N	\N	DRAFT
155690681	Александр	MALE	\N	\N	\N	\N	DRAFT
366124703	Игорь	MALE	16	\N	\N	\N	DRAFT
342911319	Аня	FEMALE	16	\N	\N	\N	DRAFT
151681852	Ян	MALE	\N	\N	\N	\N	DRAFT
322598672	Александр	MALE	31	Предлагаю стабильный заработок за небольшую работу\nПодробности — https://vk.com/taraskanastya	photo-104080805_457240500_e4af31a7b1ecb945a0	no	PUBLISHED
583469890	Данила	MALE	\N	\N	\N	\N	DRAFT
185871488	Яна	FEMALE	\N	\N	\N	\N	DRAFT
292264381	Костя	MALE	\N	\N	\N	\N	DRAFT
237019362	Валентина	FEMALE	15	свэг	photo-104080805_457240493_2f419dc9ba72d8d360	no	PUBLISHED
358354216	Григорий	MALE	\N	\N	\N	\N	DRAFT
539948474	Павел	MALE	14	Драсте	photo-104080805_457240497_d2ed8a99a32e7b804f	no	PUBLISHED
344302150	Наташа	FEMALE	16	\N	\N	\N	DRAFT
329776685	Максим	MALE	17	Нет	\N	\N	DRAFT
429204805	Андрей	MALE	30	\N	\N	\N	DRAFT
87839451	Даниил	MALE	\N	\N	\N	\N	DRAFT
304988068	Маргарита	FEMALE	16	Рожаю борщи, варю детей\nЗаинтересовала? Попасть в шабаш по телефону +79312345525	photo-104080805_457240540_42a8a8e806930519c6	\N	DRAFT
51149165	Артём	MALE	\N	\N	\N	\N	DRAFT
636594296	Вадим	MALE	20	Нет	\N	\N	DRAFT
361065651	Дэвид	MALE	24	Нет	photo-104080805_457240948_b92e51bbbe46db3793	no	PUBLISHED
278722854	Михаил	MALE	\N	\N	\N	\N	DRAFT
213236318	Максим	MALE	101	\N	\N	\N	DRAFT
259766146	Игорь	MALE	17	\N	\N	\N	DRAFT
422289484	Макс	MALE	18	Я люблю метал, программирование и кошкодевочек. А ещё у меня прическа как у Гитлера, по крайней мере, по мнению товарища генерала второго ранга	\N	\N	DRAFT
523737889	Мар'Рог Тяжелый Кулак	MALE	29	Лок'тар! Дуротарский работяга ищет подругу. Владею хижиной рядом с Оргриммаром. Шкуры в ней импортные, из самих лесов Вечной Песни. Работал в разных местах по всему Калимдору. За заслуги в строительстве жилья назначен мастером по стройке хижин. За Орду!!!	photo-104080805_457240470_38b0dbdedd765261d0	no	PUBLISHED
268239170	Абдула	MALE	12	Нет	photo-104080805_457240739_8d41764bfb165e6536	no	PUBLISHED
266894673	Коля	MALE	17	\N	\N	\N	DRAFT
386556654	Кирилл	MALE	\N	\N	\N	\N	DRAFT
537647785	Полина	FEMALE	14	меня трудно найти. легко потерять. и невозможно забыть.	photo-104080805_457240944_98479e62e771e4c007	no	PUBLISHED
671859334	Ивмахнбек	MALE	43	Ищу друга для игры в бравл Старс, если ты не играешь в бравл-раздавлю тебя как эль примо!!!😡😡😡😡😡🤬🤬🤬🤬😡😡	photo-104080805_457240580_2ec09bef6d8a7eb45f	no	PUBLISHED
454980184	Ян	MALE	15	Ян	photo-104080805_457240568_226241646342b38be8	no	DRAFT
566824129	Павел	MALE	\N	\N	\N	\N	DRAFT
327074323	Паша	MALE	13	паша	photo-104080805_457240606_c9297d98fb7c9679fa	no	PUBLISHED
506798351	акс	MALE	16	если не шаришь за бебру 🤚🏻	photo-104080805_457240525_f95587abc59a56548c	no	PUBLISHED
535292210	Стас	MALE	20	\N	\N	\N	DRAFT
96138376	Василий	MALE	16	А БУСТЕРЕНКОЙ ТАКОЙ ВСМ ЧООО Хочу бэбру🗿🗿🗿🗿и морген такой ля ты крыса😂😂😂😂ну ничего страшнава тяу тяу тяу😜😜😜😜и бустер такой НЕПОНЯЛ🗿🗿🗿🗿нюхай БЕБРУ🚬🚬🚬🚬🗿🗿🗿🗿🗿🗿 \nкогда понюхал бебру такой: ооо повизло повизло🌚🌚🌚 есс минус три😜😜😋😉	photo-104080805_457240612_86994b35d2a5a18475	no	DRAFT
507326747	Анонимный	MALE	15	🤡	photo-104080805_457240993_23bd1912461e8f8270	no	PUBLISHED
387102773	Ксения	FEMALE	16	Мяу	\N	\N	DRAFT
366293634	Пётр	MALE	22	Ищу 9классника, любящего бывать в хомаме	photo-104080805_457240973_490902ffde4ec63367	doc366293634_616533778_c147484e432d991aac	PUBLISHED
425988359	Александр	MALE	17	\N	\N	\N	DRAFT
520863552	Пётр Аркадьевич	MALE	119	Ищу милую девушку для реформаторской деятельности и завязывания галстуков	photo-104080805_457240537_a6eed1de1f8f77de02	no	PUBLISHED
419313185	Лев	MALE	15	Начать	photo-104080805_457240607_b4e9bbf6080d058372	no	DRAFT
284369798	Александр	MALE	21	Чего?	photo-104080805_457240862_365a0e8a519b78f4b4	no	DRAFT
527830091	Дамир	MALE	14	Нетъ	\N	\N	DRAFT
448192924	\N	\N	\N	\N	\N	\N	DRAFT
191810664	Павел	MALE	\N	\N	\N	\N	DRAFT
510828533	Станислава	FEMALE	15	\N	\N	\N	DRAFT
223957365	Федор	MALE	\N	\N	\N	\N	DRAFT
221801787	Аким	MALE	17	The best shot post of a human being you’ll ever witness	photo-104080805_457240644_2a90a08c9b3e0a5f9c	no	DRAFT
637994371	Гена	MALE	21	\N	\N	\N	DRAFT
555560675	Владислава	FEMALE	15	\N	\N	\N	DRAFT
368666961	тунец	FEMALE	32	нет описания	photo-104080805_457240648_fc6e172c679f30eb55	no	PUBLISHED
270820963	Макс	MALE	\N	\N	\N	\N	DRAFT
485214998	Леха	MALE	22	Прив, я леха дединсайд, наиграл в доте 0.1 час 😈😈😈, дота сила бравл старс могила 👆\nНаучу тебя играть на лионе 230 кубков!!!!!	photo-104080805_457240610_eb16da4bddca9a7431	no	PUBLISHED
465903326	Катя	FEMALE	16	\N	\N	\N	DRAFT
386146903	Ваня	MALE	27	Я слежу за [https://vk.com/id0|тобой]\n( ͡° ͜ʖ ͡ °)	photo-104080805_457240628_86f0003b8f50e15266	no	PUBLISHED
449691877	Яна	FEMALE	15	Здравствуйте, я из токсичной единицы	photo-104080805_457240714_69a8be5735cff8e9af	no	PUBLISHED
262962072	Константин	MALE	18	\N	\N	\N	DRAFT
219083665	Паша	MALE	19	меня легко потерять, легко утопить и невозможно удавить	photo-104080805_457240384_5e7c37d14f8b963e9f	no	PUBLISHED
588423152	Ярослав	MALE	\N	\N	\N	\N	DRAFT
243019608	Михаил	MALE	\N	\N	\N	\N	DRAFT
559377785	Daniel	MALE	\N	\N	\N	\N	DRAFT
324843442	Хто я	FEMALE	15	Предлагаю психологическую помощь людям, у которых даже средний балл больше, чем количество часов сна	photo-104080805_457240969_3055d2e671f0a7fb05	no	PUBLISHED
204600866	Дмитрий	MALE	22	Вечно молодой	photo-104080805_457240933_65eb40fee59872d462	no	PUBLISHED
286131051	Елизавета	FEMALE	\N	\N	\N	\N	DRAFT
184189446	Полина	FEMALE	16	\N	\N	\N	DRAFT
328956557	Иан	MALE	239	?	photo-104080805_457240800_807ddfe59f708cd373	no	PUBLISHED
437409997	Мария	FEMALE	16	\N	\N	\N	DRAFT
522830467	Казуха	FEMALE	18	Нет фантазии	photo-104080805_457240954_d34324c7a53b9f73ca	no	PUBLISHED
256532612	Аркадий	FEMALE	17	Нет	photo-104080805_457240877_bdb3684b388c35d3fa	no	PUBLISHED
326194468	Аноним	FEMALE	15	Остроумное описание 2.0	photo-104080805_457240967_a03a861ffddd528730	no	PUBLISHED
324867963	Аоаоаоаоа	MALE	382837	К чему?	photo-104080805_457240999_1ab205ce95023f1114	no	PUBLISHED
408105842	Что	FEMALE	17	Неа	photo-104080805_457240962_02c91504be3e1a328e	no	PUBLISHED
212499514	Таисия	FEMALE	17	Да	\N	\N	DRAFT
488831941	Little	MALE	15	Я твой огнетушитель пш пш	photo-104080805_457241025_20729b64113bab1133	doc488831941_608978164_0fb9e6da03fdd01919	PUBLISHED
\.


--
-- Name: flyway_schema_history flyway_schema_history_pk; Type: CONSTRAINT; Schema: public; Owner: drychan
--

ALTER TABLE ONLY public.flyway_schema_history
    ADD CONSTRAINT flyway_schema_history_pk PRIMARY KEY (installed_rank);


--
-- Name: last_suggested_users last_suggested_users_pkey; Type: CONSTRAINT; Schema: public; Owner: drychan
--

ALTER TABLE ONLY public.last_suggested_users
    ADD CONSTRAINT last_suggested_users_pkey PRIMARY KEY (user_id);


--
-- Name: likes likes_pkey; Type: CONSTRAINT; Schema: public; Owner: drychan
--

ALTER TABLE ONLY public.likes
    ADD CONSTRAINT likes_pkey PRIMARY KEY (user_from, user_to);


--
-- Name: users users_pkey; Type: CONSTRAINT; Schema: public; Owner: drychan
--

ALTER TABLE ONLY public.users
    ADD CONSTRAINT users_pkey PRIMARY KEY (user_id);


--
-- Name: flyway_schema_history_s_idx; Type: INDEX; Schema: public; Owner: drychan
--

CREATE INDEX flyway_schema_history_s_idx ON public.flyway_schema_history USING btree (success);


--
-- PostgreSQL database dump complete
--

